[
  {
    "author" : {
      "username" : "user28"
    },
    "createdAt" : 1288882383,
    "id" : 10001,
    "text": "Hi"
  },
  {
    "author" : {
      "username" : "user28"
    },
    "createdAt" : 1288882384,
    "id" : 10002,
    "text": "Good morning! How's the new place?"
  },
  {
    "author" : {
      "username" : "janeDoe"
    },
    "createdAt" : 1288882385,
    "id" : 10001,
    "text": "Hey, Good Morning good to see you \n \n It was good time",
    "image": "https://www.patricknco.com/wp-content/themes/yootheme/cache/8e/patricknco-suit-8ee991e3.webp"
  },
  {
    "author" : {
      "username" : "rohit3828"
    },
    "createdAt" : 1288882389000,
    "id" : 10004,
    "text": "Oh that looks wonderful!"
  }
]